Language,Array Size,Binary,Ternary,Jump
Python,10000,0.013900,0.010100,0.031400
Python,100000,0.019300,0.017300,0.279000
Python,1000000,0.018800,0.017200,0.279000
